,0,1,2,3,4,5,6,7,8,9,10,11,12,13,14,15,16,17,18,19,20,21,22,23,24,25,26,27,28,29,30,31,32,33,34,35,36,37,38,39,40,41
0,-7.275957614183426e-11,102818.98714393168,7.639755494892597e-11,1.8189894035458565e-11,25232.950479050625,5.4569682106375694e-11,16110.920799364236,-5.6495252920285566e-11,1.2369127944111824e-10,-5.093170329928398e-11,3.433342499192804e-11,5.820766091346741e-11,-1.0186340659856796e-10,-1.0186340659856796e-10,-4.3655745685100555e-11,-8.731149137020111e-11,-3.754019317625534e-11,2512.6157476400176,5.820766091346741e-11,0.0,-2.1827872842550278e-11,39530.4556236004,17146.41780452287,34989.533840557764,-1.6436064511681142e-16,6.902532920683853e-30,16381.738665185096,109075.82252126446,-5.5220263365470826e-30,9.860761315262648e-31,-2.7610131682735413e-30,29175.9034347794,0.0,80256.76737405767,6950.701715264808,36117.26932744487,71735.45905908609,-2.157041537713704e-31,27805.939281579384,7.888609052210118e-31,7755.926729643037,1.1093356479670479e-31
1,72412.34643328172,5.526246127374179e-11,2.1827872842550278e-11,-2.7284841053187847e-12,50886.63794777077,4.590550162220097e-11,14134.346199700638,1.8189894035458565e-10,-4.956746124662459e-11,-4.030198397231288e-11,5.820766091346741e-11,1.0913936421275139e-11,-7.744915819785092e-12,7.275957614183426e-11,5.030642569181509e-11,-4.501998773775995e-11,-2.1827872842550278e-11,1.8189894035458565e-11,5.289590987445081e-11,-2.7859492490733828e-11,1.4780177082229784e-11,-4.8254733542307804e-11,9289.135573598584,-5.4569682106375694e-12,-1.9398532645291324e-16,2.7610131682735413e-30,-2.3665827156630354e-30,-4.930380657631324e-30,7.888609052210118e-31,5.9164567891575885e-31,2.9582283945787943e-31,9.860761315262648e-31,2.1693674893577825e-30,46699.6639611929,55876.73810854409,118876.99611157672,104858.00699736539,51288.957104734494,-1.0846837446788912e-30,5.9164567891575885e-31,0.0,-2.465190328815662e-32
2,6.002665031701326e-11,1.0186340659856796e-10,-1.0186340659856796e-10,161610.19675916506,4.3655745685100555e-11,-1.3460521586239338e-10,1.1459633242338896e-10,2539.832242729746,-9.751488505571615e-11,5.093170329928398e-11,-6.184563972055912e-11,18836.68045798342,-2.9103830456733704e-11,-4.092726157978177e-12,-2.9103830456733704e-11,1.9126700223637272e-11,4.3655745685100555e-11,5.820766091346741e-11,-8.731149137020111e-11,8.36735125631094e-11,3.2741809263825417e-11,-1.8189894035458565e-11,4.3655745685100555e-11,-5.215383680479135e-12,1.445692437776715e-16,7.888609052210118e-31,-1.9721522630525295e-31,1.5777218104420236e-30,9.466330862652142e-30,7.888609052210118e-31,-3.1554436208840472e-30,1.1832913578315177e-30,3.0568360077314207e-30,1.8704631619888835e-30,4199.717002595112,40713.799124194295,14662.37230956689,9.306093491279124e-31,-1.1832913578315177e-30,1.9721522630525295e-31,2.465190328815662e-31,-4.930380657631324e-32
3,1.7280399333685637e-11,8.731149137020111e-11,190026.09892213513,0.0,-7.275957614183426e-12,3.637978807091713e-11,2.1600499167107046e-11,4441.437317107648,7.275957614183426e-12,3.375077994860476e-13,3.505018497662604e-11,25544.312401043233,-7.09405867382884e-11,-5.820766091346741e-11,1.5006662579253316e-11,-4.3655745685100555e-11,4.547473508864641e-12,6.579625733138528e-11,1.4551915228366852e-11,0.0,4.3655745685100555e-11,1.4551915228366852e-11,-6.521050366359304e-11,-2.1827872842550278e-11,-2.2800713356589905e-17,-5.9164567891575885e-31,0.0,5.9164567891575885e-31,-2.9582283945787943e-30,7.987216665362745e-30,2.3665827156630354e-30,0.0,3.944304526105059e-31,-3.944304526105059e-31,-3.3526588471893e-30,38050.4596479596,8043.831533263998,-2.2217527838451153e-30,27129.22956435854,-9.860761315262648e-32,0.0,-1.7256332301709633e-31
4,17519.85094048801,50168.004948408576,-3.8198777474462986e-11,-2.560796019679401e-11,4.247091567322059e-11,46947.84198013504,21611.06613410305,2836.7604011933595,-1.000444171950221e-10,4.773159645310443e-11,3.637978807091713e-12,1.602984411874786e-11,4.547473508864641e-12,-4.3655745685100555e-11,-6.093614501878619e-11,-1.4551915228366852e-11,7.09405867382884e-11,2851.1127340063435,-7.09405867382884e-11,6.791367468395038e-11,6.252776074688882e-12,1.8189894035458565e-11,5799.3254837514505,-2.0871970818348018e-11,2.2217436636371117e-17,-2.9582283945787943e-30,-3.944304526105059e-30,3.1554436208840472e-30,-5.9164567891575885e-30,1.9351744081202946e-30,7.888609052210118e-31,0.0,-2.9582283945787943e-30,64956.784618916325,58153.16998023099,85848.65375275319,62977.98705879951,35998.48382774144,3.944304526105059e-31,1.0846837446788912e-30,6.082086764374891e-31,2.9582283945787943e-31
5,-8.731149137020111e-11,-2.9103830456733704e-11,-2.9103830456733704e-11,-4.3655745685100555e-11,87340.08136233201,1.2005330063402653e-10,37169.192736610545,60458.94969248715,86716.95911024914,48174.34054972338,0.0,-2.0866863792434742e-11,-9.458744898438454e-11,1.6270540470486594e-11,-6.184563972055912e-11,-2.4556356947869062e-11,12625.56399036098,6.002665031701326e-11,-7.275957614183426e-12,7.071321306284517e-11,4.001776687800884e-11,7.275957614183426e-12,1.6370904631912708e-11,-3.637978807091713e-12,4.859259832762391e-16,-7.888609052210118e-30,7.888609052210118e-31,-3.1554436208840472e-30,19736.170019117504,28245.299617195866,-1.5777218104420236e-30,15037.629181926985,2.3665827156630354e-30,74064.41987727144,-2.3665827156630354e-30,-3.747089299799806e-30,3.944304526105059e-31,3.944304526105059e-31,-1.1832913578315177e-30,1.3805065841367707e-30,-3.944304526105059e-31,-1.9721522630525295e-31
6,43007.66710654528,53574.97143685153,-1.0186340659856796e-10,-4.001776687800884e-11,83088.19866696357,76815.404564323,-4.760636329592671e-12,52702.55084388748,110351.4549259133,1.1641532182693481e-10,9.666223377280403e-11,5908.359593854223,7.58859641791787e-11,-1.5279510989785194e-10,-1.8424373138259398e-11,3.8198777474462986e-11,0.0,6581.571856100898,2.7682744985213503e-11,-1.8189894035458565e-12,10967.990116340878,24371.45134373382,8736.809402594099,30566.30044427115,4.733165431326071e-30,4.733165431326071e-30,7.888609052210118e-31,61377.137714585006,0.0,7.888609052210118e-31,-2.5637979419682884e-30,18691.733240775327,-1.9721522630525295e-31,21569.80335056547,94848.03988519676,287659.94885879115,197860.46270327634,57116.30921888436,-1.67632942359465e-30,-7.395570986446986e-31,8014.827058241697,9.860761315262648e-32
7,-5.4569682106375694e-11,2.637534635141492e-11,39104.006657428894,58156.09930928935,10610.974956815424,121561.28261821909,51274.462702419565,1.5279510989785194e-10,102285.06964656601,27987.119478696237,43571.71117552584,66473.73611881759,122951.28245199945,177256.5245667271,121761.69353193471,2.8762769943568856e-11,-5.093170329928398e-11,3741.0239454536727,3.637978807091713e-11,50589.292200773685,0.0,3.637978807091713e-11,-1.0913936421275139e-11,-1.432454155292362e-11,1.5777218104420236e-30,-5.127595883936577e-30,0.0,-1.7749370367472766e-30,2.7610131682735413e-30,1.5777218104420236e-30,5.423418723394456e-31,-3.747089299799806e-30,-2.4035605705952703e-30,48593.14541288935,88096.35794259848,69542.35727964742,220682.78241701066,220037.86226041225,1.3805065841367707e-30,4857.819472082847,5.9164567891575885e-31,13907.664311404085
8,1.5165824152063578e-10,5.820766091346741e-11,-1.4551915228366852e-11,-1.0186340659856796e-10,-7.275957614183426e-12,153159.56286628908,94308.95838611439,89849.91026776691,9.094947017729282e-12,125666.44063184738,1.0913936421275139e-11,8.731149137020111e-11,-5.820766091346741e-11,4.3655745685100555e-11,5.434230843093246e-11,17494.64990977608,-3.902456136017918e-11,-2.546585164964199e-11,0.0,1.4551915228366852e-11,-1.6370904631912708e-11,-6.139089236967266e-12,1.9278800778010918e-11,7.275957614183426e-12,3.1554436208840472e-30,1.5777218104420236e-30,-1.8242408433235898e-30,-3.549874073494553e-30,4.696187576393836e-30,-3.4512664603419266e-31,-2.7610131682735413e-30,3.944304526105059e-31,-3.266377185680752e-30,-9.860761315262648e-31,-1.7749370367472766e-30,-3.944304526105059e-31,-6.902532920683853e-31,2.9582283945787943e-31,9.860761315262648e-31,-1.3312027775604574e-30,8.38164711797325e-31,-2.9582283945787943e-31
9,1.1641532182693481e-10,-3.637978807091713e-11,1.3096723705530167e-10,-5.820766091346741e-11,3.637978807091713e-12,76828.63762194623,-7.16600112582455e-11,22198.870616790056,113471.44618887691,-3.637978807091713e-12,23741.209393865243,3.728928277269006e-11,-1.372417735012732e-10,1.4551915228366852e-11,2.8658297956951628e-11,101470.01437074997,47100.41303377236,-5.6843418860808015e-11,13246.214430046048,-7.223555087421119e-11,1.072464339557655e-11,-1.5627943383833554e-11,0.0,3.0269120543380268e-12,-1.7749370367472766e-30,6.310887241768095e-30,3.747089299799806e-30,7.888609052210118e-31,25078.171780324166,2.3665827156630354e-30,13995.259202612893,-2.514494135391975e-30,2.7610131682735413e-30,33351.27382254453,44855.236886789324,11116.544044530157,87930.57305268807,352999.36538841604,1.9721522630525295e-30,41575.219603470556,-4.930380657631324e-31,18813.747598298294
10,-7.275957614183426e-12,2.1827872842550278e-11,9.00399754755199e-11,-3.143441063002683e-11,4.9112713895738125e-11,-5.093170329928398e-11,1.3460521586239338e-10,8975.246559033332,-1.7053025658242404e-12,6165.5515335097825,-6.548361852765083e-11,1.2441603303159354e-11,6.184563972055912e-11,41792.28418765378,0.0,2729.903160748234,3.637978807091713e-11,3969.8071870691892,-2.1827872842550278e-11,15530.412325743542,6.548361852765083e-11,-1.0913936421275139e-11,-7.275957614183426e-12,3.637978807091713e-12,9.860761315262648e-31,1.9721522630525295e-30,7.888609052210118e-31,3.1554436208840472e-30,-7.888609052210118e-31,0.0,3.944304526105059e-31,2.465190328815662e-30,0.0,2.6131017485446016e-30,18191.863821914056,15921.186546828609,18984.53248709722,73472.84426612336,-1.4791141972893971e-30,11968.413681781081,7.395570986446986e-32,224078.1368880935
11,1.7462298274040222e-10,-1.4551915228366852e-11,22526.241335963132,25979.697217938552,-5.4569682106375694e-12,-6.548361852765083e-11,446.4825992855622,5163.1914012623165,-9.276845958083868e-11,8.003553375601768e-11,-2.034994395216927e-11,7.275957614183426e-12,137097.2722666951,111501.38205576246,51293.80762221516,5.638867150992155e-11,4.990852175978944e-11,-2.6417978915560525e-11,2.9103830456733704e-11,12150.096001870874,1.8189894035458565e-12,-3.657874003692996e-11,1.8417267710901797e-11,-1.4551915228366852e-11,-3.944304526105059e-30,3.944304526105059e-31,-3.1554436208840472e-30,4.398823992980447e-31,-4.338734978715565e-30,2.5637979419682884e-30,5.423418723394456e-31,3.549874073494553e-30,9.860761315262648e-31,1.3805065841367707e-30,-1.1832913578315177e-30,6167.305642200385,1.7749370367472766e-30,-1.9721522630525295e-30,50827.19027604404,1.2818989709841442e-30,5.9164567891575885e-31,-2.465190328815662e-32
12,-4.547473508864641e-11,-4.638422979041934e-11,1.4551915228366852e-11,1.4551915228366852e-11,1.177369313154486e-11,-1.335000998636815e-10,1.659827830735594e-11,9810.30230726716,5.820766091346741e-11,8.122924555209465e-11,-3.637978807091713e-11,140834.80778787902,-4.001776687800884e-11,176384.50036314852,104347.47935600595,1.4551915228366852e-11,-1.8189894035458565e-12,3.637978807091713e-11,-2.1827872842550278e-11,43163.3378719519,2.3646862246096134e-11,2.9331204132176936e-11,-2.1827872842550278e-11,1.0174971976084635e-11,2.3665827156630354e-30,4.979684464207637e-30,7.888609052210118e-31,2.7610131682735413e-30,-1.2079432611196743e-30,7.888609052210118e-31,-3.944304526105059e-30,-2.3665827156630354e-30,4.930380657631324e-31,-1.4791141972893971e-30,0.0,9.860761315262648e-31,-9.860761315262648e-31,1.5777218104420236e-30,18142.369075245853,8573.693825904402,-6.902532920683853e-31,-2.9582283945787943e-31
13,-5.820766091346741e-11,8.731149137020111e-11,0.0,-3.637978807091713e-12,9.00399754755199e-11,2.2737367544323206e-11,-1.2732925824820995e-11,20811.876406808733,-1.999467258428922e-10,5.820766091346741e-11,23821.18406472031,168547.03716450493,259549.44224779546,-1.1642242725429242e-11,65807.65129203645,1.2641976354643703e-10,-9.322320693172514e-11,2270.451945600369,5.4569682106375694e-12,25041.72644026309,1.8189894035458565e-12,1.4551915228366852e-11,1.9326762412674725e-12,-1.4551915228366852e-11,3.106139814307734e-30,-1.1832913578315177e-30,1.5777218104420236e-30,-2.5637979419682884e-30,-2.3665827156630354e-30,0.0,-4.338734978715565e-30,-7.888609052210118e-30,-6.656013887802287e-30,-3.821045009664276e-31,-7.395570986446986e-31,1.3805065841367707e-30,-1.1832913578315177e-30,3.1554436208840472e-30,-5.9164567891575885e-31,3516.1236833319213,-3.6053408558929055e-31,-2.2186712959340957e-31
14,-5.820766091346741e-10,-5.093170329928398e-11,-7.003109203651547e-11,2.546585164964199e-11,-3.2741809263825417e-11,5.4569682106375694e-11,5.4569682106375694e-11,12042.431958941808,2.9103830456733704e-11,3.637978807091713e-11,8.661917016983267e-11,65313.10396990561,129340.98274997881,55433.32178097706,-4.3714365460800764e-11,4.3655745685100555e-11,-5.4569682106375694e-11,2117.8874471652575,3.752731458916969e-11,36696.52647727359,10273.166141622507,-7.534861623526012e-12,1.9099388737231493e-11,23283.718436039893,-2.5637979419682884e-30,106938.76221811552,95067.57912235001,-2.9582283945787943e-31,1.7256332301709633e-30,1.9228484564762163e-30,4.206230998541723e-30,5.9164567891575885e-31,3.944304526105059e-31,-5.127595883936577e-30,-2.1693674893577825e-30,1.5777218104420236e-30,-1.5777218104420236e-30,4.930380657631324e-32,-1.5777218104420236e-30,31461.432351946,-9.860761315262648e-32,6.162975822039155e-32
15,0.0,6.141931407910306e-11,-1.8189894035458565e-12,-6.480149750132114e-11,-1.0550449403012863e-12,2.233591089861875e-11,5.093170329928398e-11,-8.003553375601768e-11,17134.199567050986,110059.87394430107,11401.695463395232,-3.637978807091713e-11,2.1827872842550278e-11,-2.2737367544323206e-11,2.3987922759260982e-11,-7.048583938740194e-12,116090.94785135235,38424.3341340735,14338.632954873203,0.0,2.7284841053187847e-11,-7.275957614183426e-12,4.001776687800884e-11,1.4551915228366852e-11,6.1136720154628415e-30,1.5777218104420236e-30,-3.944304526105059e-30,7.888609052210118e-31,7.888609052210118e-31,3.254051234036674e-30,-2.662405555120915e-30,4828.606216908269,-7.888609052210118e-31,43485.943363169434,44538.8377024439,14401.15684183826,142933.72767824857,283680.1833565203,0.0,25476.025457321142,3.944304526105059e-31,3.8903784876622164e-32
16,5.820766091346741e-11,4.729372449219227e-11,5.093170329928398e-11,7.275957614183426e-12,-6.002665031701326e-11,32080.265717312708,1.4551915228366852e-11,5.093170329928398e-11,-2.7640112421067897e-11,75042.022662584,1.8189894035458565e-11,1.5006662579253316e-10,-1.000444171950221e-10,6.544098596350523e-11,4.3655745685100555e-11,170524.5388528957,-3.8981706751428646e-11,57782.61408790175,68750.63102051686,-3.183231456205249e-12,6.298250809777528e-11,-3.637978807091713e-11,3.1654678878112463e-12,-2.7284841053187847e-11,3.549874073494553e-30,-1.1832913578315177e-30,-1.7749370367472766e-30,-3.8456969129524326e-30,65952.70128294663,113496.97644979536,228666.21582299398,58222.74811520341,67865.67791140043,26335.255314861,-9.367723249499515e-31,-3.944304526105059e-31,-2.9582283945787943e-30,3.944304526105059e-31,3.944304526105059e-31,-2.0602635580082456e-31,-7.888609052210118e-31,-1.5407439555097887e-32
17,5478.987607450079,0.0,1.4551915228366852e-11,-6.548361852765083e-11,8954.189055388013,5.820766091346741e-11,5376.236260555904,3141.012931882425,-2.9103830456733704e-11,-7.275957614183426e-11,16181.056641741348,-7.185008144006133e-11,2.2082780049004214e-11,16236.130845220812,17979.54062070797,37499.166885994455,38390.51408415495,2.1827872842550278e-11,123111.06406592194,23233.571300411764,74202.61704089456,97902.83517240603,32827.29530159797,26376.860453175363,12297.954462677459,26797.457383491754,20265.047883134488,-3.944304526105059e-31,-1.9721522630525295e-31,3.944304526105059e-31,7.888609052210118e-31,51800.94191488924,82779.8920541776,55377.5348166109,66297.16751115605,18981.438903526316,167220.60697454846,261805.02300568813,-5.669937756276022e-31,32497.496604723496,29172.166652117845,2.465190328815662e-32
18,-1.7462298274040222e-10,3.75823816511911e-11,-2.3590018827235326e-12,7.986500349943526e-12,-4.803268893738277e-11,-4.18367562815547e-11,4.3655745685100555e-11,1.4551915228366852e-11,3.637978807091713e-11,24025.220000636018,-5.820766091346741e-11,7.344169716816396e-11,-4.3655745685100555e-11,3.637978807091713e-11,-1.8189894035458565e-11,23976.845817725214,78265.87859839533,210943.48609034868,-5.4569682106375694e-12,0.0,3.8198777474462986e-11,1.4551915228366852e-11,94337.63694308435,1.4551915228366852e-11,78448.4629277268,-2.3665827156630354e-30,5.0782920773602635e-30,-7.888609052210118e-31,169491.14311675416,198893.28880887682,202313.55991368787,79585.06159288695,102322.10670379826,41476.64145490624,9.860761315262648e-31,-2.3665827156630354e-30,63302.339351311566,-1.3805065841367707e-30,6.902532920683853e-31,-1.9721522630525295e-31,-8.874685183736383e-31,4.6992690643048555e-31
19,-5.820766091346741e-11,-9.458744898438454e-11,3.637978807091713e-11,-1.4551915228366852e-11,1.0913936421275139e-11,-1.3096723705530167e-10,8.731149137020111e-11,17024.362030210275,4.547473508864641e-12,0.0,25371.927247792304,52640.961882114294,182044.65716831817,71774.05807037074,124862.97537773341,-6.730260793119669e-11,-3.433342499192804e-11,9312.12888711088,2.4556356947869062e-11,6.366462912410498e-11,45387.378285655665,22225.730722486107,1.4551915228366852e-11,13075.167293853081,3.549874073494553e-30,95414.58083815545,65259.84820626778,1.4298103907130839e-30,-4.535950205020818e-30,-5.127595883936577e-30,4.930380657631324e-31,1.873544649899903e-30,1.3805065841367707e-30,4416.752279787341,11419.19295711169,5.9164567891575885e-31,17241.90604368669,36674.097261610186,8.874685183736383e-31,36939.755781658605,10157.024332217286,-2.5422275265911513e-31
20,-2.0611423678928986e-10,4.3655745685100555e-11,1.4551915228366852e-11,1.8189894035458565e-11,9.458744898438454e-11,-6.093614501878619e-11,3727.3184718057146,-7.275957614183426e-11,4.3655745685100555e-11,4.0472514228895307e-11,1.4551915228366852e-11,-2.864908310584724e-11,-5.253220081158361e-11,2.000888343900442e-11,36282.79703267794,-5.4569682106375694e-11,7.275957614183426e-11,30870.236397764296,-2.1827872842550278e-11,47111.054272923335,5.093170329928398e-11,326910.48430955136,17511.06425165849,92912.2716607475,-2.7610131682735413e-30,45216.32558725504,2.662405555120915e-30,-4.535950205020818e-30,3.944304526105059e-31,-2.9582283945787943e-30,0.0,4502.841217798496,-1.4791141972893971e-30,10910.63636650442,10128.255584815703,3.1554436208840472e-30,16148.89494445464,1.4791141972893971e-30,7.888609052210118e-31,33029.485451270564,1.9721522630525295e-31,2.457486609038113e-31
21,43133.99583006554,-7.858602657506708e-12,2.994759995544882e-11,3.275424376170122e-11,1.3301360013429075e-11,7.275957614183426e-11,9961.935873134902,-1.4915713109076023e-10,-3.1377567211166024e-11,6.275513442233205e-11,2.9103830456733704e-11,-3.29776206342558e-11,-7.275957614183426e-11,-1.8743673280141593e-11,9.276845958083868e-11,-6.866684998385608e-11,-9.094947017729282e-12,48990.16469178138,1.3096723705530167e-10,27748.318598856727,393207.4585084497,-3.751665644813329e-12,44431.72589634779,176322.2541265951,10083.386776534022,21873.46417688294,2.7610131682735413e-30,3.1554436208840472e-30,-1.5037661005775538e-30,4110.943355585527,4.338734978715565e-30,10736.508777009882,-3.0814879110195774e-32,29433.691958973777,24347.68880760062,1.1832913578315177e-30,78148.34845816053,29208.83191083947,8.874685183736383e-31,41173.12631260245,28481.45392276925,-3.774822690998982e-32
22,43982.34476525054,33833.03663390474,8.731149137020111e-11,-5.820766091346741e-11,21424.963417415314,8.003553375601768e-11,8395.224520596468,-6.208011882335995e-11,-4.001776687800884e-11,-2.9103830456733704e-11,2.5835333872237243e-11,-2.546585164964199e-11,-7.275957614183426e-11,-2.0463630789890885e-11,7.912603905424476e-11,1.6007106751203537e-10,1.1641532182693481e-10,38615.87119985896,64765.943227081494,-2.0160584313089203e-10,49513.37659086124,104450.44338090744,0.0,56906.3832508687,125741.48476997841,-2.3665827156630354e-30,-1.9721522630525295e-30,-1.873544649899903e-30,67110.13741203221,45377.833219229404,-6.902532920683853e-31,59381.336686888986,1.4051584874249273e-30,53009.411916248166,18247.799350189216,2.465190328815662e-31,82011.65159793604,43629.32917908608,-2.1693674893577825e-30,3905.23152217646,12442.213410447717,-1.2518544638517033e-31
23,38879.2555719199,6.548361852765083e-11,5.820766091346741e-11,-2.9103830456733704e-11,-1.5575096767861396e-11,-8.637357495899778e-11,12723.222998464835,-4.3655745685100555e-11,-1.0913936421275139e-10,-4.53894699603552e-11,4.3655745685100555e-11,7.275957614183426e-11,-1.4551915228366852e-11,-4.3655745685100555e-11,100724.14668524974,7.003109203651547e-11,4.3655745685100555e-11,13440.909122181154,-5.820766091346741e-11,16623.397526135326,113804.09483905134,179555.63600961084,24651.070973010406,0.0,45081.197092775816,107498.66716525775,15090.592555878064,3.1554436208840472e-30,9396.524441790492,8004.936928822454,-1.2818989709841442e-30,12841.007026659885,-1.5777218104420236e-30,37978.39367766034,12824.421166168815,-1.035379938102578e-30,62034.449798,17235.297046889464,10632.573225032622,48264.11834824418,45534.99143454217,1.7410406697260612e-31
24,-2.9103830456733704e-11,1.1073097994085401e-10,-2.964384293591138e-11,-7.16227077646181e-11,2.114575181622058e-11,-7.275957614183426e-12,-1.418811734765768e-10,-9.458744898438454e-11,2.964783973880003e-11,-1.0186340659856796e-10,-2.9103830456733704e-11,-4.888534022029489e-11,-1.4551915228366852e-11,3.785949331813754e-11,-7.275957614183426e-12,-5.820766091346741e-11,-3.7692959864443765e-11,9749.743596622511,36297.41682207814,7.275957614183426e-11,-1.7962520360015333e-11,15975.450333950927,84743.8445974693,70137.48854916541,-1.7749370367472766e-30,200048.89758278677,27597.66155799644,-2.5637979419682884e-30,85261.34372284531,18504.619845996156,-2.7610131682735413e-30,8083.266792613727,3.4512664603419266e-30,10450.531128611718,-1.5777218104420236e-30,2.9582283945787943e-31,29021.71062619528,-2.9582283945787943e-31,1.6886553752387284e-30,93727.78509145012,47666.4988496368,-1.0014835710813626e-31
25,-5.820766091346741e-11,-8.731149137020111e-11,-5.093170329928398e-11,8.731149137020111e-11,-1.0186340659856796e-10,3.637978807091713e-11,7.275957614183426e-12,-2.2039259306438908e-11,-8.36735125631094e-11,-2.9103830456733704e-11,-9.733325256888747e-11,5.093170329928398e-11,-1.736566446197685e-11,2.516742370062275e-11,79098.37761212987,-1.4210854715202004e-10,-4.001776687800884e-11,2334.8032905845544,-9.094947017729282e-12,20741.418190137152,9469.591451706474,3808.5586362897284,3.2741809263825417e-11,18380.369783742477,21985.308106536846,7.888609052210118e-31,258695.88839557674,-6.310887241768095e-30,2427.1188900076763,-1.3805065841367707e-30,1.5777218104420236e-30,1.0846837446788912e-30,-2.1693674893577825e-30,-9.860761315262648e-31,1211.5119050158871,-1.5777218104420236e-30,7.888609052210118e-31,-1.9721522630525295e-31,-3.944304526105059e-31,62040.43035092055,10771.095392333244,1.0845994852438243e-31
26,2105.4715975753097,-4.3655745685100555e-11,-4.3655745685100555e-11,6.548361852765083e-11,-2.6153301746489888e-11,7.881162389367091e-11,5.4569682106375694e-11,-3.637978807091713e-11,4.001776687800884e-11,4.566658162730164e-11,4.3655745685100555e-11,0.0,-9.458744898438454e-11,-3.637978807091713e-11,47568.92120709201,-4.490798843903576e-10,-4.3655745685100555e-11,1194.4357320161175,0.0,9596.83891568094,2.000888343900442e-11,-9.094947017729282e-12,-5.8014190673638666e-11,1745.4841233599973,2051.762665630823,175003.99827735024,0.0,-3.27870313732483e-30,1.5777218104420236e-30,2.070759876205156e-30,-2.1693674893577825e-30,-1.1832913578315177e-30,-9.860761315262648e-31,4361.011267078372,7159.016402677492,-7.888609052210118e-31,6334.6708035874435,8428.455108836884,10571.088836428467,119471.84526871436,61882.07709491832,2.4960052079258577e-31
27,24674.399375861824,3.637978807091713e-11,-3.456079866737127e-11,-1.0913936421275139e-10,-6.093614501878619e-11,1.8189894035458565e-12,5201.147881123203,1.4551915228366852e-11,-3.424815986363683e-11,-2.9103830456733704e-11,-5.093170329928398e-11,-7.275957614183426e-12,6.366462912410498e-11,1.6370904631912708e-11,3.637978807091713e-11,2.9103830456733704e-11,1.750777300912887e-11,3.794475844642875e-11,-3.5697667044587433e-11,5.820766091346741e-11,-4.547473508864641e-13,6.286082765427636e-13,5.093170329928398e-11,-2.437936544026536e-16,2.3665827156630354e-30,-7.888609052210118e-31,-8.874685183736383e-31,-1.1832913578315177e-30,-2.9582283945787943e-31,2.8103169748498546e-30,-3.3526588471893e-30,2259.9375734871946,-7.888609052210118e-31,50944.73958073549,12137.492360924969,4580.104379991901,47229.27371487937,40559.920899769684,80356.1952826188,7595.302489154035,173241.52089377458,-2.5268200870360534e-31
28,-2.9103830456733704e-11,1.0913936421275139e-11,1.4154011296341196e-10,0.0,2.9103830456733704e-11,49106.162263062,-3.348077370901592e-11,-5.275069270282984e-11,8.003553375601768e-11,39125.65633881759,4.0472514228895307e-11,6.548361852765083e-11,2.284261668705767e-11,0.0,-1.20508047984913e-10,1.1823431123048067e-11,64583.047643070364,-1.127773430198431e-10,145793.17026321695,3.637978807091713e-11,-1.4551915228366852e-11,5.093170329928398e-11,84084.62616920909,27178.213737651797,158507.95534491743,41057.59887681409,-3.944304526105059e-30,0.0,-2.7610131682735413e-30,130703.89456825408,40648.41229613378,9526.014342431405,-7.888609052210118e-31,23193.51607906783,18863.465220915594,5.423418723394456e-31,50756.24323323274,-1.4791141972893971e-30,9.860761315262648e-31,58752.244765295625,55441.42357731086,0.0
29,5.4797055781818926e-11,2.5011104298755527e-12,-9.413270163349807e-11,-9.663381206337363e-11,5.231370892033738e-13,71662.79174824523,2.2964741219766438e-11,1.0186340659856796e-10,-3.637978807091713e-11,2.773958840407431e-11,-2.9103830456733704e-11,1.1104361874458846e-10,-8.731149137020111e-11,-8.58335624798201e-12,0.0,-6.622258297284134e-12,113329.94017801822,0.0,174455.5218514234,1.0550138540565968e-10,4.18367562815547e-11,12347.00110813376,57975.785879568575,23609.456878416564,35079.50678837655,-1.0846837446788912e-30,-7.395570986446986e-32,3.944304526105059e-30,133279.3753170279,1.9721522630525295e-30,307397.9460995396,86443.8094475288,-1.3805065841367707e-30,17062.85440468886,-9.860761315262648e-31,-1.072357793034813e-30,34533.064646342,2.1693674893577825e-30,-9.860761315262648e-31,22747.310431364767,25904.57936437577,-3.851859888774472e-34
30,8.003553375601768e-11,-4.3655745685100555e-11,7.639755494892597e-11,-2.9103830456733704e-11,3.637978807091713e-12,8.731149137020111e-11,-3.956301952712238e-11,-5.3660187404602766e-11,-3.54702933691442e-11,18689.899997344877,-8.833467290969566e-11,-8.003553375601768e-11,-2.9103830456733704e-11,3.637978807091713e-12,5.820766091346741e-11,5.820766091346741e-11,191667.38613180665,-4.189359970041551e-11,148961.9782481827,-2.1901591651385388e-10,3.4923619551818774e-11,9.094947017729282e-12,-4.3655745685100555e-11,1.3993127152735196e-16,3.8456969129524326e-30,7.888609052210118e-31,-3.549874073494553e-30,4.437342591868191e-31,34793.9596234205,258039.8670522645,-4.930380657631324e-30,104867.06006706519,1.1832913578315177e-30,3.944304526105059e-31,2.465190328815662e-30,-1.1832913578315177e-30,-4.930380657631324e-31,9.860761315262648e-32,0.0,-1.3312027775604574e-30,1.3805065841367707e-30,7.703719777548943e-34
31,91335.71019367906,0.0,5.4569682106375694e-11,7.275957614183426e-12,1.0186340659856796e-10,36444.78049624459,21919.989850811227,-1.4551915228366852e-11,1.3096723705530167e-10,-4.9112713895738125e-11,-2.546585164964199e-11,2.1827872842550278e-11,-1.2164491636212915e-11,-3.637978807091713e-11,4.3655745685100555e-11,6765.176225249869,55534.32511638002,74366.90589074287,66681.37991570077,-5.820766091346741e-11,15538.459356858068,30802.893095032985,72470.50538352571,36177.25378461388,14637.558880369204,-2.9582283945787943e-31,5.4727225299707694e-30,31274.807601298962,9278.848459119645,82573.81084471781,119333.30683313691,-9.367723249499515e-31,231484.70097347183,137294.67826748465,9.860761315262648e-31,-2.6131017485446016e-30,56976.34978622507,1.7749370367472766e-30,42245.15218169669,-7.888609052210118e-31,72441.68608594185,0.0
32,7.02584657119587e-11,-7.275957614183426e-12,3.092281986027956e-11,-4.949818332988798e-11,8.466827239317354e-11,7.275957614183426e-12,-6.002665031701326e-11,-7.275957614183426e-11,-2.959410494440817e-11,-2.9103830456733704e-11,7.275957614183426e-11,-9.739586914747633e-11,-1.4551915228366852e-11,-1.035216357081481e-11,1.4551915228366852e-11,0.0,37127.60494956681,68162.39727770771,49172.29061819263,-8.731149137020111e-11,6.548361852765083e-11,7.889244812986362e-12,-2.9103830456733704e-11,-2.1724443638052112e-16,1.7256332301709633e-30,2.3665827156630354e-30,-1.5777218104420236e-30,1.9721522630525295e-30,0.0,-1.9721522630525295e-30,-4.831773044478697e-30,132770.0864422728,-3.944304526105059e-31,119093.0267735445,0.0,0.0,-1.9721522630525295e-30,7.518830502887769e-31,-9.860761315262648e-31,3.944304526105059e-31,-9.860761315262648e-32,-2.8888949165808538e-34
33,69465.69912887877,57393.56534404551,-2.1827872842550278e-11,0.0,80974.9885993531,49629.28791578175,6993.738840789421,16194.5451486486,-5.275069270282984e-11,14013.076434054226,-1.5909051853668643e-11,5.093170329928398e-11,-2.1827872842550278e-11,4.8203219193965197e-11,-2.7636559707389097e-11,16845.296963492205,6945.104457203568,21981.034377601623,9608.355321562392,4374.0580438665065,10409.835238286949,23347.78128920771,17886.969133639497,29583.22766040578,5232.299025632794,-1.6023737137301802e-30,29368.824416377047,194926.10340175274,6246.28640055159,4506.429348092837,-3.944304526105059e-31,37959.995697140424,57409.11332410673,-1.9721522630525295e-31,6.902532920683853e-31,2.267975102510409e-30,47574.19763127167,-2.1693674893577825e-30,31501.09574318338,-9.860761315262648e-31,29839.21903969396,1.8597261025489246e-33
34,2085.5725193851977,23806.107512586055,7470.2973956635615,-9.458744898438454e-11,25130.87824964324,-4.718003765447065e-11,10661.037760355306,10177.933135855623,-4.3655745685100555e-11,6533.443136546905,10203.215601635331,-2.9103830456733704e-11,1.5279510989785194e-10,1.0186340659856796e-10,-8.003553375601768e-11,5981.037855740391,7.275957614183426e-11,9122.573619556702,-2.1827872842550278e-11,3920.349694371509,3349.934553276207,6695.245626460998,2134.5295146049302,3463.0170687158698,-2.0214560696288428e-30,1913.345419400953,16713.238388219783,16099.319544236823,1761.1026619423567,2.9582283945787943e-31,-2.7610131682735413e-30,2.2186712959340957e-30,7.888609052210118e-31,-7.888609052210118e-31,-2.8596207814261678e-30,59264.3682241482,6058.327271850766,17632.27742592119,19170.27039192444,26058.487109368718,53680.882494402074,4726.621577471151
35,20888.521600716587,97622.813326001,139590.43042433582,110950.54260727775,71509.52832322245,-7.275957614183426e-11,62322.759121029245,15486.283259760023,-1.504574242972012e-11,3121.008170901686,17212.00446198117,17681.74514856809,6.548361852765083e-11,-9.276845958083868e-11,-1.4551915228366852e-11,3727.6163141793454,-8.776623872108757e-11,5034.399619942143,6.127720553195104e-11,7.460698725481052e-12,-1.4930279235159105e-11,-1.1709744285326451e-11,0.0,3.4416828421234146e-16,6.902532920683853e-31,1.2818989709841442e-30,-1.5777218104420236e-30,11709.8161972581,1.5777218104420236e-30,1.1832913578315177e-30,-1.9721522630525295e-31,0.0,-3.944304526105059e-31,-1.1832913578315177e-30,114232.53398486589,2.7610131682735413e-30,12709.480347002544,4957.434229351163,25549.336808031687,31928.165414318126,24075.09840125722,2.1185229388259594e-33
36,58132.40038361478,120655.37507967898,70438.4576999119,32864.27589540598,73503.96692032137,0.0,60064.500775360415,68858.54158930382,1.4551915228366852e-11,34590.48047373146,28757.260007522164,1.1641532182693481e-10,1.2285283901292132e-10,3.228706191293895e-11,-3.33173488797911e-11,51839.418590800604,5.820766091346741e-11,62144.10367418475,13729.694021451556,15986.831604671532,14425.544325597033,58038.51696333665,25909.256806866364,45241.55509771757,13604.194310938039,1.9721522630525295e-30,39941.008913030535,169191.11327035085,12797.949669556172,8539.090757070808,2.5637979419682884e-30,14749.004210715364,1.1832913578315177e-30,44541.73180585531,16362.15341237848,17808.1732567161,2.267975102510409e-30,57393.3626991935,119364.9221164732,20525.539258194625,64780.62466503166,75469.27531665958
37,-2.6147972675971687e-11,16732.83479826089,-5.820766091346741e-11,2.1827872842550278e-11,11912.60638990952,5.67421665209622e-11,4916.087084215511,19466.47722713035,-5.820766091346741e-11,39372.3371652128,31555.497369157998,3.774403012357652e-11,-5.820766091346741e-11,1.7280399333685637e-11,2.9103830456733704e-11,29171.246069092278,9.392664424012764e-11,27585.99718069375,5.093170329928398e-11,9641.334228879872,-2.9103830456733704e-11,6150.512019348192,3908.0356161530462,3563.887139960855,0.0,3.944304526105059e-31,15067.58111905852,41196.845255194516,4.338734978715565e-30,-4.535950205020818e-30,2.3665827156630354e-30,-3.549874073494553e-30,-1.9228484564762163e-30,1.1832913578315177e-30,13501.956993229058,1969.4688646749846,16272.798652422385,1.9721522630525295e-31,13732.351180025606,11199.673707828117,31802.303027218557,209651.02988898556
38,9129.544162470269,7.958078640513122e-13,3.7971403799019754e-11,44908.20655317136,6.912159733474255e-11,2.1827872842550278e-11,6.548361852765083e-11,-2.1827872842550278e-11,-7.764811016386375e-11,1.4551915228366852e-11,-9.458744898438454e-11,82726.46850348389,28744.92559829627,1.4551915228366852e-11,-2.9103830456733704e-11,2.9103830456733704e-11,3.3651303965598345e-11,-7.3725914262468e-11,4.199307568342192e-12,1.0837997166390778e-12,4.189359970041551e-11,-2.3646862246096134e-11,-1.4551915228366852e-11,3141.7391331144636,-2.7610131682735413e-30,2.908924588002481e-30,27004.85516343051,116630.67683985445,-8.67746995743113e-30,-4.733165431326071e-30,-7.888609052210118e-31,4430.697553839904,-1.1832913578315177e-30,11949.46430847227,20976.987435573174,14504.352950230113,48361.95721349266,19623.274127765282,0.0,65706.50549932625,164443.2224364859,-7.703719777548943e-34
39,-2.9103830456733704e-11,-1.4551915228366852e-11,1.4551915228366852e-11,-1.8189894035458565e-11,7.275957614183426e-12,-3.637978807091713e-12,-3.086597644141875e-11,442.90516742758075,7.275957614183426e-12,4778.936381960162,5297.417423607558,-6.912159733474255e-11,9796.885187326317,2730.3889064248965,29003.094999607456,2699.834125455661,-2.9103830456733704e-11,3528.9056435967555,-1.4551915228366852e-11,10008.088851307468,8621.269367834306,8934.913514747679,360.50076442405316,10285.11077084308,12838.023887255355,77322.91765235711,220110.39751665693,7950.443614950495,4328.679174279867,1643.5638052369457,1.67632942359465e-30,4.338734978715565e-30,1.6023737137301802e-30,5.9164567891575885e-31,20564.442218659984,13072.105656101417,5997.55973521868,11542.099036922027,47387.219563367675,-1.4791141972893971e-30,68211.65802115858,0.0
40,2346.839572425928,-2.1827872842550278e-11,4.3655745685100555e-11,-6.639311322942376e-11,5.473843600611872e-11,-3.225864020350855e-12,908.486206727488,-5.820766091346741e-11,5.4569682106375694e-12,3.8198777474462986e-11,-4.3655745685100555e-11,4.668532227469768e-11,7.275957614183426e-11,4.163780431554187e-12,8.003553375601768e-11,-5.093170329928398e-11,5.618083775971172e-11,4048.033983198527,-2.000888343900442e-11,3516.4864639730235,-3.5356606531422585e-11,7898.124741335259,1467.717169791138,12399.814267846956,8343.118339026181,17154.522276389194,145688.4738287245,231730.71395611332,5219.761167205489,2391.7643235098826,-3.944304526105059e-30,7001.9976069872955,9.860761315262648e-32,10431.539566987465,54134.322749209154,12595.777495934815,24188.584944300634,41881.60557987696,151549.37865524605,87165.36051983485,-1.4791141972893971e-31,37486.17881606461
41,0.0,2.637534635141492e-11,3.092281986027956e-11,1.0186340659856796e-10,-5.275069270282984e-11,-5.820766091346741e-11,-6.548361852765083e-11,635.7224755785346,4.001776687800884e-11,1084.2164740349313,49724.57496183555,4.774847184307873e-12,5.820766091346741e-11,2.9103830456733704e-11,-2.5835333872237243e-11,-7.275957614183426e-11,-2.9103830456733704e-11,5.547917680814862e-11,1.0913936421275139e-10,-6.934897101018578e-12,1.0913936421275139e-11,0.0,-1.4370726830748026e-12,3.782186277012817e-16,-3.944304526105059e-30,2.5637979419682884e-30,3.4512664603419266e-30,-3.8456969129524326e-30,0.0,1.9721522630525295e-30,-2.7733391199176196e-30,-3.1554436208840472e-30,-3.944304526105059e-31,-1.3805065841367707e-30,1870.0902274653208,-3.944304526105059e-31,11055.901912235295,108322.93472168164,3.3280069439011436e-31,-5.9164567891575885e-31,14707.194597888714,0.0
